Category,total_sales
Furniture,27622.023400000002
"Office Supplies",16645.547999999988
Technology,12952.307999999999
