region,total_sales
South,8307.399000000001
West,20378.556
Central,15879.26839999999
East,12654.656
